M,N,K,bias,dtype,outdtype,scaleAB,bpreshuffle
1,48,2560,False,torch.bfloat16,torch.bfloat16,False,False
2,48,2560,False,torch.bfloat16,torch.bfloat16,False,False
4,48,2560,False,torch.bfloat16,torch.bfloat16,False,False
8,48,2560,False,torch.bfloat16,torch.bfloat16,False,False
16,48,2560,False,torch.bfloat16,torch.bfloat16,False,False
32,48,2560,False,torch.bfloat16,torch.bfloat16,False,False
64,48,2560,False,torch.bfloat16,torch.bfloat16,False,False
128,48,2560,False,torch.bfloat16,torch.bfloat16,False,False
256,48,2560,False,torch.bfloat16,torch.bfloat16,False,False
512,48,2560,False,torch.bfloat16,torch.bfloat16,False,False
1024,48,2560,False,torch.bfloat16,torch.bfloat16,False,False
2048,48,2560,False,torch.bfloat16,torch.bfloat16,False,False
4096,48,2560,False,torch.bfloat16,torch.bfloat16,False,False
8192,48,2560,False,torch.bfloat16,torch.bfloat16,False,False
16384,48,2560,False,torch.bfloat16,torch.bfloat16,False,False
1,324,10240,False,torch.bfloat16,torch.bfloat16,False,False
2,324,10240,False,torch.bfloat16,torch.bfloat16,False,False
4,324,10240,False,torch.bfloat16,torch.bfloat16,False,False
8,324,10240,False,torch.bfloat16,torch.bfloat16,False,False
16,324,10240,False,torch.bfloat16,torch.bfloat16,False,False
32,324,10240,False,torch.bfloat16,torch.bfloat16,False,False
64,324,10240,False,torch.bfloat16,torch.bfloat16,False,False
128,324,10240,False,torch.bfloat16,torch.bfloat16,False,False
256,324,10240,False,torch.bfloat16,torch.bfloat16,False,False
512,324,10240,False,torch.bfloat16,torch.bfloat16,False,False
1024,324,10240,False,torch.bfloat16,torch.bfloat16,False,False
2048,324,10240,False,torch.bfloat16,torch.bfloat16,False,False
4096,324,10240,False,torch.bfloat16,torch.bfloat16,False,False
8192,324,10240,False,torch.bfloat16,torch.bfloat16,False,False
16384,324,10240,False,torch.bfloat16,torch.bfloat16,False,False
1,513,2560,False,torch.bfloat16,torch.bfloat16,False,False
2,513,2560,False,torch.bfloat16,torch.bfloat16,False,False
4,513,2560,False,torch.bfloat16,torch.bfloat16,False,False
8,513,2560,False,torch.bfloat16,torch.bfloat16,False,False
16,513,2560,False,torch.bfloat16,torch.bfloat16,False,False
32,513,2560,False,torch.bfloat16,torch.bfloat16,False,False
64,513,2560,False,torch.bfloat16,torch.bfloat16,False,False
128,513,2560,False,torch.bfloat16,torch.bfloat16,False,False
256,513,2560,False,torch.bfloat16,torch.bfloat16,False,False
512,513,2560,False,torch.bfloat16,torch.bfloat16,False,False
1024,513,2560,False,torch.bfloat16,torch.bfloat16,False,False
2048,513,2560,False,torch.bfloat16,torch.bfloat16,False,False
4096,513,2560,False,torch.bfloat16,torch.bfloat16,False,False
8192,513,2560,False,torch.bfloat16,torch.bfloat16,False,False
16384,513,2560,False,torch.bfloat16,torch.bfloat16,False,False
1,640,2560,False,torch.bfloat16,torch.bfloat16,False,False
2,640,2560,False,torch.bfloat16,torch.bfloat16,False,False
4,640,2560,False,torch.bfloat16,torch.bfloat16,False,False
8,640,2560,False,torch.bfloat16,torch.bfloat16,False,False
16,640,2560,False,torch.bfloat16,torch.bfloat16,False,False
32,640,2560,False,torch.bfloat16,torch.bfloat16,False,False
64,640,2560,False,torch.bfloat16,torch.bfloat16,False,False
128,640,2560,False,torch.bfloat16,torch.bfloat16,False,False
256,640,2560,False,torch.bfloat16,torch.bfloat16,False,False
512,640,2560,False,torch.bfloat16,torch.bfloat16,False,False
1024,640,2560,False,torch.bfloat16,torch.bfloat16,False,False
2048,640,2560,False,torch.bfloat16,torch.bfloat16,False,False
4096,640,2560,False,torch.bfloat16,torch.bfloat16,False,False
8192,640,2560,False,torch.bfloat16,torch.bfloat16,False,False
16384,640,2560,False,torch.bfloat16,torch.bfloat16,False,False
2,10240,320,False,torch.bfloat16,torch.bfloat16,False,False
4,10240,320,False,torch.bfloat16,torch.bfloat16,False,False
8,10240,320,False,torch.bfloat16,torch.bfloat16,False,False
16,10240,320,False,torch.bfloat16,torch.bfloat16,False,False
32,10240,320,False,torch.bfloat16,torch.bfloat16,False,False
64,10240,320,False,torch.bfloat16,torch.bfloat16,False,False
128,10240,320,False,torch.bfloat16,torch.bfloat16,False,False
256,10240,320,False,torch.bfloat16,torch.bfloat16,False,False
512,10240,320,False,torch.bfloat16,torch.bfloat16,False,False
1024,10240,320,False,torch.bfloat16,torch.bfloat16,False,False
2048,10240,320,False,torch.bfloat16,torch.bfloat16,False,False
4096,10240,320,False,torch.bfloat16,torch.bfloat16,False,False
8192,10240,320,False,torch.bfloat16,torch.bfloat16,False,False
16384,10240,320,False,torch.bfloat16,torch.bfloat16,False,False
8,12,2560,False,torch.bfloat16,torch.bfloat16,False,False
16,12,2560,False,torch.bfloat16,torch.bfloat16,False,False
32,12,2560,False,torch.bfloat16,torch.bfloat16,False,False
64,12,2560,False,torch.bfloat16,torch.bfloat16,False,False
128,12,2560,False,torch.bfloat16,torch.bfloat16,False,False
256,12,2560,False,torch.bfloat16,torch.bfloat16,False,False
512,12,2560,False,torch.bfloat16,torch.bfloat16,False,False
1024,12,2560,False,torch.bfloat16,torch.bfloat16,False,False
2048,12,2560,False,torch.bfloat16,torch.bfloat16,False,False
4096,12,2560,False,torch.bfloat16,torch.bfloat16,False,False
8192,12,2560,False,torch.bfloat16,torch.bfloat16,False,False
16384,12,2560,False,torch.bfloat16,torch.bfloat16,False,False
8,24,2560,False,torch.bfloat16,torch.bfloat16,False,False
16,24,2560,False,torch.bfloat16,torch.bfloat16,False,False
32,24,2560,False,torch.bfloat16,torch.bfloat16,False,False
64,24,2560,False,torch.bfloat16,torch.bfloat16,False,False
128,24,2560,False,torch.bfloat16,torch.bfloat16,False,False
256,24,2560,False,torch.bfloat16,torch.bfloat16,False,False
512,24,2560,False,torch.bfloat16,torch.bfloat16,False,False
1024,24,2560,False,torch.bfloat16,torch.bfloat16,False,False
2048,24,2560,False,torch.bfloat16,torch.bfloat16,False,False
4096,24,2560,False,torch.bfloat16,torch.bfloat16,False,False
8192,24,2560,False,torch.bfloat16,torch.bfloat16,False,False
16384,24,2560,False,torch.bfloat16,torch.bfloat16,False,False
8,96,2560,False,torch.bfloat16,torch.bfloat16,False,False
16,96,2560,False,torch.bfloat16,torch.bfloat16,False,False
32,96,2560,False,torch.bfloat16,torch.bfloat16,False,False
64,96,2560,False,torch.bfloat16,torch.bfloat16,False,False
128,96,2560,False,torch.bfloat16,torch.bfloat16,False,False
256,96,2560,False,torch.bfloat16,torch.bfloat16,False,False
512,96,2560,False,torch.bfloat16,torch.bfloat16,False,False
1024,96,2560,False,torch.bfloat16,torch.bfloat16,False,False
2048,96,2560,False,torch.bfloat16,torch.bfloat16,False,False
4096,96,2560,False,torch.bfloat16,torch.bfloat16,False,False
8192,96,2560,False,torch.bfloat16,torch.bfloat16,False,False
16384,96,2560,False,torch.bfloat16,torch.bfloat16,False,False
8,320,10240,False,torch.bfloat16,torch.bfloat16,False,False
16,320,10240,False,torch.bfloat16,torch.bfloat16,False,False
32,320,10240,False,torch.bfloat16,torch.bfloat16,False,False
64,320,10240,False,torch.bfloat16,torch.bfloat16,False,False
128,320,10240,False,torch.bfloat16,torch.bfloat16,False,False
256,320,10240,False,torch.bfloat16,torch.bfloat16,False,False
512,320,10240,False,torch.bfloat16,torch.bfloat16,False,False
1024,320,10240,False,torch.bfloat16,torch.bfloat16,False,False
2048,320,10240,False,torch.bfloat16,torch.bfloat16,False,False
4096,320,10240,False,torch.bfloat16,torch.bfloat16,False,False
8192,320,10240,False,torch.bfloat16,torch.bfloat16,False,False
16384,320,10240,False,torch.bfloat16,torch.bfloat16,False,False
8,336,10240,False,torch.bfloat16,torch.bfloat16,False,False
16,336,10240,False,torch.bfloat16,torch.bfloat16,False,False
32,336,10240,False,torch.bfloat16,torch.bfloat16,False,False
64,336,10240,False,torch.bfloat16,torch.bfloat16,False,False
128,336,10240,False,torch.bfloat16,torch.bfloat16,False,False
256,336,10240,False,torch.bfloat16,torch.bfloat16,False,False
512,336,10240,False,torch.bfloat16,torch.bfloat16,False,False
1024,336,10240,False,torch.bfloat16,torch.bfloat16,False,False
2048,336,10240,False,torch.bfloat16,torch.bfloat16,False,False
4096,336,10240,False,torch.bfloat16,torch.bfloat16,False,False
8192,336,10240,False,torch.bfloat16,torch.bfloat16,False,False
16384,336,10240,False,torch.bfloat16,torch.bfloat16,False,False
8,2048,2560,False,torch.bfloat16,torch.bfloat16,False,False
16,2048,2560,False,torch.bfloat16,torch.bfloat16,False,False
32,2048,2560,False,torch.bfloat16,torch.bfloat16,False,False
64,2048,2560,False,torch.bfloat16,torch.bfloat16,False,False
128,2048,2560,False,torch.bfloat16,torch.bfloat16,False,False
256,2048,2560,False,torch.bfloat16,torch.bfloat16,False,False
512,2048,2560,False,torch.bfloat16,torch.bfloat16,False,False
1024,2048,2560,False,torch.bfloat16,torch.bfloat16,False,False
2048,2048,2560,False,torch.bfloat16,torch.bfloat16,False,False
4096,2048,2560,False,torch.bfloat16,torch.bfloat16,False,False
8192,2048,2560,False,torch.bfloat16,torch.bfloat16,False,False
16384,2048,2560,False,torch.bfloat16,torch.bfloat16,False,False
8,2560,768,False,torch.bfloat16,torch.bfloat16,False,False
16,2560,768,False,torch.bfloat16,torch.bfloat16,False,False
32,2560,768,False,torch.bfloat16,torch.bfloat16,False,False
64,2560,768,False,torch.bfloat16,torch.bfloat16,False,False
128,2560,768,False,torch.bfloat16,torch.bfloat16,False,False
256,2560,768,False,torch.bfloat16,torch.bfloat16,False,False
512,2560,768,False,torch.bfloat16,torch.bfloat16,False,False
1024,2560,768,False,torch.bfloat16,torch.bfloat16,False,False
2048,2560,768,False,torch.bfloat16,torch.bfloat16,False,False
4096,2560,768,False,torch.bfloat16,torch.bfloat16,False,False
8192,2560,768,False,torch.bfloat16,torch.bfloat16,False,False
16384,2560,768,False,torch.bfloat16,torch.bfloat16,False,False
8,2560,1536,False,torch.bfloat16,torch.bfloat16,False,False
16,2560,1536,False,torch.bfloat16,torch.bfloat16,False,False
32,2560,1536,False,torch.bfloat16,torch.bfloat16,False,False
64,2560,1536,False,torch.bfloat16,torch.bfloat16,False,False
128,2560,1536,False,torch.bfloat16,torch.bfloat16,False,False
256,2560,1536,False,torch.bfloat16,torch.bfloat16,False,False
512,2560,1536,False,torch.bfloat16,torch.bfloat16,False,False
1024,2560,1536,False,torch.bfloat16,torch.bfloat16,False,False
2048,2560,1536,False,torch.bfloat16,torch.bfloat16,False,False
4096,2560,1536,False,torch.bfloat16,torch.bfloat16,False,False
8192,2560,1536,False,torch.bfloat16,torch.bfloat16,False,False
16384,2560,1536,False,torch.bfloat16,torch.bfloat16,False,False
8,2560,2560,False,torch.bfloat16,torch.bfloat16,False,False
16,2560,2560,False,torch.bfloat16,torch.bfloat16,False,False
32,2560,2560,False,torch.bfloat16,torch.bfloat16,False,False
64,2560,2560,False,torch.bfloat16,torch.bfloat16,False,False
128,2560,2560,False,torch.bfloat16,torch.bfloat16,False,False
256,2560,2560,False,torch.bfloat16,torch.bfloat16,False,False
512,2560,2560,False,torch.bfloat16,torch.bfloat16,False,False
1024,2560,2560,False,torch.bfloat16,torch.bfloat16,False,False
2048,2560,2560,False,torch.bfloat16,torch.bfloat16,False,False
4096,2560,2560,False,torch.bfloat16,torch.bfloat16,False,False
8192,2560,2560,False,torch.bfloat16,torch.bfloat16,False,False
16384,2560,2560,False,torch.bfloat16,torch.bfloat16,False,False
8,2560,3072,False,torch.bfloat16,torch.bfloat16,False,False
16,2560,3072,False,torch.bfloat16,torch.bfloat16,False,False
32,2560,3072,False,torch.bfloat16,torch.bfloat16,False,False
64,2560,3072,False,torch.bfloat16,torch.bfloat16,False,False
128,2560,3072,False,torch.bfloat16,torch.bfloat16,False,False
256,2560,3072,False,torch.bfloat16,torch.bfloat16,False,False
512,2560,3072,False,torch.bfloat16,torch.bfloat16,False,False
1024,2560,3072,False,torch.bfloat16,torch.bfloat16,False,False
2048,2560,3072,False,torch.bfloat16,torch.bfloat16,False,False
4096,2560,3072,False,torch.bfloat16,torch.bfloat16,False,False
8192,2560,3072,False,torch.bfloat16,torch.bfloat16,False,False
16384,2560,3072,False,torch.bfloat16,torch.bfloat16,False,False
8,3584,2560,False,torch.bfloat16,torch.bfloat16,False,False
16,3584,2560,False,torch.bfloat16,torch.bfloat16,False,False
32,3584,2560,False,torch.bfloat16,torch.bfloat16,False,False
64,3584,2560,False,torch.bfloat16,torch.bfloat16,False,False
128,3584,2560,False,torch.bfloat16,torch.bfloat16,False,False
256,3584,2560,False,torch.bfloat16,torch.bfloat16,False,False
512,3584,2560,False,torch.bfloat16,torch.bfloat16,False,False
1024,3584,2560,False,torch.bfloat16,torch.bfloat16,False,False
2048,3584,2560,False,torch.bfloat16,torch.bfloat16,False,False
4096,3584,2560,False,torch.bfloat16,torch.bfloat16,False,False
8192,3584,2560,False,torch.bfloat16,torch.bfloat16,False,False
16384,3584,2560,False,torch.bfloat16,torch.bfloat16,False,False
8,4096,2560,False,torch.bfloat16,torch.bfloat16,False,False
16,4096,2560,False,torch.bfloat16,torch.bfloat16,False,False
32,4096,2560,False,torch.bfloat16,torch.bfloat16,False,False
64,4096,2560,False,torch.bfloat16,torch.bfloat16,False,False
128,4096,2560,False,torch.bfloat16,torch.bfloat16,False,False
256,4096,2560,False,torch.bfloat16,torch.bfloat16,False,False
512,4096,2560,False,torch.bfloat16,torch.bfloat16,False,False
1024,4096,2560,False,torch.bfloat16,torch.bfloat16,False,False
2048,4096,2560,False,torch.bfloat16,torch.bfloat16,False,False
4096,4096,2560,False,torch.bfloat16,torch.bfloat16,False,False
8192,4096,2560,False,torch.bfloat16,torch.bfloat16,False,False
16384,4096,2560,False,torch.bfloat16,torch.bfloat16,False,False
8,6656,2560,False,torch.bfloat16,torch.bfloat16,False,False
16,6656,2560,False,torch.bfloat16,torch.bfloat16,False,False
32,6656,2560,False,torch.bfloat16,torch.bfloat16,False,False
64,6656,2560,False,torch.bfloat16,torch.bfloat16,False,False
128,6656,2560,False,torch.bfloat16,torch.bfloat16,False,False
256,6656,2560,False,torch.bfloat16,torch.bfloat16,False,False
512,6656,2560,False,torch.bfloat16,torch.bfloat16,False,False
1024,6656,2560,False,torch.bfloat16,torch.bfloat16,False,False
2048,6656,2560,False,torch.bfloat16,torch.bfloat16,False,False
4096,6656,2560,False,torch.bfloat16,torch.bfloat16,False,False
8192,6656,2560,False,torch.bfloat16,torch.bfloat16,False,False
16384,6656,2560,False,torch.bfloat16,torch.bfloat16,False,False
8,8192,2560,False,torch.bfloat16,torch.bfloat16,False,False
16,8192,2560,False,torch.bfloat16,torch.bfloat16,False,False
32,8192,2560,False,torch.bfloat16,torch.bfloat16,False,False
64,8192,2560,False,torch.bfloat16,torch.bfloat16,False,False
128,8192,2560,False,torch.bfloat16,torch.bfloat16,False,False
256,8192,2560,False,torch.bfloat16,torch.bfloat16,False,False
512,8192,2560,False,torch.bfloat16,torch.bfloat16,False,False
1024,8192,2560,False,torch.bfloat16,torch.bfloat16,False,False
2048,8192,2560,False,torch.bfloat16,torch.bfloat16,False,False
4096,8192,2560,False,torch.bfloat16,torch.bfloat16,False,False
8192,8192,2560,False,torch.bfloat16,torch.bfloat16,False,False
16384,8192,2560,False,torch.bfloat16,torch.bfloat16,False,False
8,10240,2560,False,torch.bfloat16,torch.bfloat16,False,False
16,10240,2560,False,torch.bfloat16,torch.bfloat16,False,False
32,10240,2560,False,torch.bfloat16,torch.bfloat16,False,False
64,10240,2560,False,torch.bfloat16,torch.bfloat16,False,False
128,10240,2560,False,torch.bfloat16,torch.bfloat16,False,False
256,10240,2560,False,torch.bfloat16,torch.bfloat16,False,False
512,10240,2560,False,torch.bfloat16,torch.bfloat16,False,False
1024,10240,2560,False,torch.bfloat16,torch.bfloat16,False,False
2048,10240,2560,False,torch.bfloat16,torch.bfloat16,False,False
4096,10240,2560,False,torch.bfloat16,torch.bfloat16,False,False
8192,10240,2560,False,torch.bfloat16,torch.bfloat16,False,False
16384,10240,2560,False,torch.bfloat16,torch.bfloat16,False,False
8,13312,2560,False,torch.bfloat16,torch.bfloat16,False,False
16,13312,2560,False,torch.bfloat16,torch.bfloat16,False,False
32,13312,2560,False,torch.bfloat16,torch.bfloat16,False,False
64,13312,2560,False,torch.bfloat16,torch.bfloat16,False,False
128,13312,2560,False,torch.bfloat16,torch.bfloat16,False,False
256,13312,2560,False,torch.bfloat16,torch.bfloat16,False,False
512,13312,2560,False,torch.bfloat16,torch.bfloat16,False,False
1024,13312,2560,False,torch.bfloat16,torch.bfloat16,False,False
2048,13312,2560,False,torch.bfloat16,torch.bfloat16,False,False
4096,13312,2560,False,torch.bfloat16,torch.bfloat16,False,False
8192,13312,2560,False,torch.bfloat16,torch.bfloat16,False,False
16384,13312,2560,False,torch.bfloat16,torch.bfloat16,False,False
8,16384,2560,False,torch.bfloat16,torch.bfloat16,False,False
16,16384,2560,False,torch.bfloat16,torch.bfloat16,False,False
32,16384,2560,False,torch.bfloat16,torch.bfloat16,False,False
64,16384,2560,False,torch.bfloat16,torch.bfloat16,False,False
128,16384,2560,False,torch.bfloat16,torch.bfloat16,False,False
256,16384,2560,False,torch.bfloat16,torch.bfloat16,False,False
512,16384,2560,False,torch.bfloat16,torch.bfloat16,False,False
1024,16384,2560,False,torch.bfloat16,torch.bfloat16,False,False
2048,16384,2560,False,torch.bfloat16,torch.bfloat16,False,False
4096,16384,2560,False,torch.bfloat16,torch.bfloat16,False,False
8192,16384,2560,False,torch.bfloat16,torch.bfloat16,False,False
16384,16384,2560,False,torch.bfloat16,torch.bfloat16,False,False
8,31040,2560,False,torch.bfloat16,torch.bfloat16,False,False
16,31040,2560,False,torch.bfloat16,torch.bfloat16,False,False
32,31040,2560,False,torch.bfloat16,torch.bfloat16,False,False
64,31040,2560,False,torch.bfloat16,torch.bfloat16,False,False
128,31040,2560,False,torch.bfloat16,torch.bfloat16,False,False
256,31040,2560,False,torch.bfloat16,torch.bfloat16,False,False
512,31040,2560,False,torch.bfloat16,torch.bfloat16,False,False
8,62080,2560,False,torch.bfloat16,torch.bfloat16,False,False
16,62080,2560,False,torch.bfloat16,torch.bfloat16,False,False
32,62080,2560,False,torch.bfloat16,torch.bfloat16,False,False
64,62080,2560,False,torch.bfloat16,torch.bfloat16,False,False
128,62080,2560,False,torch.bfloat16,torch.bfloat16,False,False
256,62080,2560,False,torch.bfloat16,torch.bfloat16,False,False
512,62080,2560,False,torch.bfloat16,torch.bfloat16,False,False
8,124160,2560,False,torch.bfloat16,torch.bfloat16,False,False
16,124160,2560,False,torch.bfloat16,torch.bfloat16,False,False
32,124160,2560,False,torch.bfloat16,torch.bfloat16,False,False
64,124160,2560,False,torch.bfloat16,torch.bfloat16,False,False
128,124160,2560,False,torch.bfloat16,torch.bfloat16,False,False
256,124160,2560,False,torch.bfloat16,torch.bfloat16,False,False
512,124160,2560,False,torch.bfloat16,torch.bfloat16,False,False
8,248320,2560,False,torch.bfloat16,torch.bfloat16,False,False
16,248320,2560,False,torch.bfloat16,torch.bfloat16,False,False
32,248320,2560,False,torch.bfloat16,torch.bfloat16,False,False
64,248320,2560,False,torch.bfloat16,torch.bfloat16,False,False
128,248320,2560,False,torch.bfloat16,torch.bfloat16,False,False
256,248320,2560,False,torch.bfloat16,torch.bfloat16,False,False
512,248320,2560,False,torch.bfloat16,torch.bfloat16,False,False
